,date,open,high,low,close,volume,barCount,average,ticker
0,3/25/2019 8:30,278.88,278.89,278.7,278.8,7771,1733,278.818,SPY
1,3/25/2019 8:31,278.78,278.94,278.69,278.69,3237,1374,278.818,SPY
2,3/25/2019 8:32,278.69,278.89,278.6,278.83,2557,1234,278.756,SPY
3,3/25/2019 8:33,278.85,278.94,278.71,278.93,2147,1032,278.833,SPY
4,3/25/2019 8:34,278.92,279.14,278.79,279.14,4046,1614,278.941,SPY
5,3/25/2019 8:35,279.13,279.42,279.12,279.39,3798,1756,279.283,SPY
6,3/25/2019 8:36,279.4,279.55,279.38,279.54,3593,1710,279.47,SPY
7,3/25/2019 8:37,279.54,279.89,279.54,279.79,4866,2749,279.749,SPY
8,3/25/2019 8:38,279.77,279.99,279.76,279.87,4911,2410,279.901,SPY
9,3/25/2019 8:39,279.85,280.02,279.83,279.94,2392,1197,279.915,SPY
10,3/25/2019 8:40,279.93,279.93,279.6,279.63,3553,1994,279.691,SPY
11,3/25/2019 8:41,279.65,279.7,279.5,279.57,2652,1454,279.585,SPY
12,3/25/2019 8:42,279.56,279.63,279.38,279.39,2348,1360,279.514,SPY
13,3/25/2019 8:43,279.4,279.4,279.21,279.34,3129,1626,279.311,SPY
14,3/25/2019 8:44,279.33,279.34,278.97,278.98,2229,1276,279.156,SPY
15,3/25/2019 8:45,278.98,278.98,278.61,278.77,3784,2145,278.761,SPY
16,3/25/2019 8:46,278.77,278.8,278.5,278.57,3191,1737,278.617,SPY
17,3/25/2019 8:47,278.59,278.74,278.45,278.49,3255,1497,278.589,SPY
18,3/25/2019 8:48,278.48,278.54,278.2,278.25,4992,2378,278.336,SPY
19,3/25/2019 8:49,278.24,278.36,278.12,278.18,3854,2268,278.238,SPY
20,3/25/2019 8:50,278.18,278.49,278.16,278.42,3115,1766,278.359,SPY
21,3/25/2019 8:51,278.42,278.55,278.32,278.4,3206,1670,278.419,SPY
22,3/25/2019 8:52,278.41,278.64,278.4,278.53,3479,1940,278.552,SPY
23,3/25/2019 8:53,278.53,278.53,278.22,278.24,2369,1276,278.334,SPY
24,3/25/2019 8:54,278.23,278.33,278.13,278.2,1712,1071,278.245,SPY
25,3/25/2019 8:55,278.2,278.22,277.94,278.16,6716,2873,278.042,SPY
26,3/25/2019 8:56,278.14,278.37,278.11,278.22,2304,1271,278.267,SPY
27,3/25/2019 8:57,278.21,278.21,277.98,278.11,3154,1683,278.085,SPY
28,3/25/2019 8:58,278.12,278.24,278.03,278.06,2917,1338,278.147,SPY
29,3/25/2019 8:59,278.05,278.14,277.95,277.99,2274,1315,278.023,SPY
30,3/25/2019 9:00,278,278.23,277.98,278.06,2388,1284,278.144,SPY
31,3/25/2019 9:01,278.04,278.32,278.02,278.23,2727,1537,278.198,SPY
32,3/25/2019 9:02,278.23,278.33,278.03,278.03,2613,1441,278.194,SPY
33,3/25/2019 9:03,278.03,278.06,277.83,277.89,3561,1891,277.935,SPY
34,3/25/2019 9:04,277.9,278.06,277.88,278.01,1776,1127,277.96,SPY
35,3/25/2019 9:05,278.01,278.29,278,278.25,2291,1393,278.144,SPY
36,3/25/2019 9:06,278.26,278.46,278.24,278.44,1973,1130,278.313,SPY
37,3/25/2019 9:07,278.44,278.44,278.16,278.18,1580,1075,278.256,SPY
38,3/25/2019 9:08,278.18,278.27,278.08,278.08,1274,856,278.159,SPY
39,3/25/2019 9:09,278.08,278.26,278.07,278.09,1371,887,278.144,SPY
40,3/25/2019 9:10,278.08,278.16,277.96,278.15,2071,1167,278.034,SPY
41,3/25/2019 9:11,278.15,278.21,277.95,277.99,2044,963,278.084,SPY
42,3/25/2019 9:12,277.98,278.09,277.9,278.04,2018,1229,277.972,SPY
43,3/25/2019 9:13,278.04,278.09,277.87,277.9,2304,1241,277.968,SPY
44,3/25/2019 9:14,277.9,277.91,277.71,277.8,4545,2312,277.793,SPY
45,3/25/2019 9:15,277.8,278.04,277.75,277.95,2255,1176,277.888,SPY
46,3/25/2019 9:16,277.94,278.09,277.93,278.02,1684,887,278.005,SPY
47,3/25/2019 9:17,278.02,278.1,277.9,278,2008,1125,278.012,SPY
48,3/25/2019 9:18,278,278.26,278,278.19,2183,1148,278.14,SPY
49,3/25/2019 9:19,278.17,278.17,277.96,277.99,1650,866,278.071,SPY
50,3/25/2019 9:20,277.99,278.1,277.86,278.03,2639,1418,277.957,SPY
51,3/25/2019 9:21,278.01,278.08,277.85,277.86,2449,1394,277.949,SPY
52,3/25/2019 9:22,277.86,277.97,277.79,277.85,1545,965,277.878,SPY
53,3/25/2019 9:23,277.84,277.93,277.75,277.79,2370,1303,277.809,SPY
54,3/25/2019 9:24,277.81,278.02,277.79,277.98,1564,797,277.893,SPY
55,3/25/2019 9:25,277.99,278.2,277.92,278.18,1873,780,278.072,SPY
56,3/25/2019 9:26,278.16,278.3,278.14,278.22,2209,1180,278.223,SPY
57,3/25/2019 9:27,278.22,278.38,278.1,278.34,2120,1183,278.273,SPY
58,3/25/2019 9:28,278.33,278.41,278.24,278.25,2306,1042,278.322,SPY
59,3/25/2019 9:29,278.24,278.37,278.22,278.37,1295,757,278.306,SPY
60,3/25/2019 9:30,278.36,278.5,278.26,278.47,1411,738,278.387,SPY
61,3/25/2019 9:31,278.47,278.63,278.43,278.6,2309,1129,278.521,SPY
62,3/25/2019 9:32,278.61,278.76,278.5,278.75,1599,829,278.646,SPY
63,3/25/2019 9:33,278.77,278.8,278.63,278.69,1939,886,278.707,SPY
64,3/25/2019 9:34,278.68,278.69,278.51,278.53,972,556,278.561,SPY
65,3/25/2019 9:35,278.52,278.54,278.4,278.46,992,631,278.459,SPY
66,3/25/2019 9:36,278.45,278.6,278.37,278.6,1031,627,278.441,SPY
67,3/25/2019 9:37,278.59,278.64,278.44,278.54,708,454,278.553,SPY
68,3/25/2019 9:38,278.54,278.58,278.3,278.33,1378,705,278.416,SPY
69,3/25/2019 9:39,278.32,278.48,278.3,278.31,759,486,278.369,SPY
70,3/25/2019 9:40,278.31,278.41,278.25,278.26,1114,645,278.32,SPY
71,3/25/2019 9:41,278.27,278.41,278.25,278.41,875,510,278.33,SPY
72,3/25/2019 9:42,278.4,278.52,278.33,278.34,796,523,278.452,SPY
73,3/25/2019 9:43,278.35,278.37,278.25,278.26,1038,587,278.316,SPY
74,3/25/2019 9:44,278.26,278.57,278.26,278.49,1157,748,278.457,SPY
75,3/25/2019 9:45,278.49,278.74,278.39,278.71,1224,690,278.553,SPY
76,3/25/2019 9:46,278.7,278.72,278.5,278.5,1268,763,278.574,SPY
77,3/25/2019 9:47,278.51,278.52,278.25,278.36,2194,1370,278.365,SPY
78,3/25/2019 9:48,278.36,278.58,278.36,278.57,1496,918,278.488,SPY
79,3/25/2019 9:49,278.57,278.82,278.52,278.82,1649,964,278.695,SPY
80,3/25/2019 9:50,278.84,279.21,278.83,279.19,4814,2370,279.035,SPY
81,3/25/2019 9:51,279.18,279.48,279.14,279.45,3806,1969,279.288,SPY
82,3/25/2019 9:52,279.46,279.52,279.37,279.48,3236,1502,279.445,SPY
83,3/25/2019 9:53,279.48,279.48,279.38,279.43,2052,998,279.432,SPY
84,3/25/2019 9:54,279.44,279.52,279.31,279.35,1330,792,279.394,SPY
85,3/25/2019 9:55,279.35,279.54,279.27,279.52,1585,844,279.438,SPY
86,3/25/2019 9:56,279.53,279.6,279.45,279.46,2325,1136,279.532,SPY
87,3/25/2019 9:57,279.46,279.52,279.45,279.46,1020,526,279.483,SPY
88,3/25/2019 9:58,279.46,279.49,279.35,279.39,1391,796,279.418,SPY
89,3/25/2019 9:59,279.38,279.41,279.24,279.36,2575,1088,279.324,SPY
90,3/25/2019 10:00,279.36,279.4,279.23,279.28,1458,806,279.29,SPY
91,3/25/2019 10:01,279.25,279.41,279.23,279.25,1174,701,279.314,SPY
92,3/25/2019 10:02,279.26,279.33,279.17,279.17,827,425,279.234,SPY
93,3/25/2019 10:03,279.19,279.23,279.1,279.13,1427,659,279.155,SPY
94,3/25/2019 10:04,279.15,279.26,279.08,279.13,1096,682,279.15,SPY
95,3/25/2019 10:05,279.14,279.43,279.1,279.41,2243,1018,279.295,SPY
96,3/25/2019 10:06,279.4,279.41,279.27,279.34,886,465,279.348,SPY
97,3/25/2019 10:07,279.34,279.55,279.34,279.39,1614,884,279.433,SPY
98,3/25/2019 10:08,279.39,279.54,279.38,279.45,1668,1058,279.472,SPY
99,3/25/2019 10:09,279.44,279.46,279.34,279.39,1223,749,279.379,SPY
100,3/25/2019 10:10,279.39,279.44,279.25,279.31,932,544,279.365,SPY
101,3/25/2019 10:11,279.31,279.31,279.12,279.12,1632,958,279.211,SPY
102,3/25/2019 10:12,279.12,279.32,279.09,279.3,790,480,279.201,SPY
103,3/25/2019 10:13,279.3,279.43,279.2,279.42,1677,926,279.328,SPY
104,3/25/2019 10:14,279.41,279.57,279.39,279.51,1360,855,279.493,SPY
105,3/25/2019 10:15,279.51,279.66,279.42,279.54,2302,895,279.578,SPY
106,3/25/2019 10:16,279.54,279.73,279.53,279.72,1328,744,279.66,SPY
107,3/25/2019 10:17,279.73,279.73,279.57,279.65,821,533,279.666,SPY
108,3/25/2019 10:18,279.64,279.78,279.58,279.64,1822,896,279.694,SPY
109,3/25/2019 10:19,279.64,279.77,279.59,279.76,1039,527,279.66,SPY
110,3/25/2019 10:20,279.77,279.87,279.71,279.85,2069,1175,279.789,SPY
111,3/25/2019 10:21,279.86,279.91,279.65,279.67,1368,862,279.808,SPY
112,3/25/2019 10:22,279.66,279.75,279.59,279.67,1236,679,279.677,SPY
113,3/25/2019 10:23,279.68,279.81,279.67,279.79,711,455,279.755,SPY
114,3/25/2019 10:24,279.8,279.85,279.65,279.72,859,581,279.776,SPY
115,3/25/2019 10:25,279.71,279.86,279.71,279.84,1064,719,279.798,SPY
116,3/25/2019 10:26,279.83,279.93,279.82,279.89,1264,734,279.891,SPY
117,3/25/2019 10:27,279.89,279.99,279.81,279.97,1335,708,279.902,SPY
118,3/25/2019 10:28,279.98,280.13,279.96,280.12,2283,1094,280.026,SPY
119,3/25/2019 10:29,280.11,280.19,280.09,280.12,2086,1091,280.143,SPY
120,3/25/2019 10:30,280.13,280.14,279.97,280.04,2143,1108,280.018,SPY
121,3/25/2019 10:31,280.04,280.15,280,280.06,1101,704,280.081,SPY
122,3/25/2019 10:32,280.05,280.09,279.93,279.94,1335,766,280.005,SPY
123,3/25/2019 10:33,279.94,279.95,279.77,279.82,1690,847,279.853,SPY
124,3/25/2019 10:34,279.82,279.89,279.72,279.83,2161,1013,279.783,SPY
125,3/25/2019 10:35,279.82,279.84,279.6,279.68,2596,1443,279.712,SPY
126,3/25/2019 10:36,279.68,279.75,279.63,279.75,1045,618,279.697,SPY
127,3/25/2019 10:37,279.75,279.79,279.63,279.64,1412,677,279.709,SPY
128,3/25/2019 10:38,279.65,279.76,279.64,279.75,1782,795,279.713,SPY
129,3/25/2019 10:39,279.75,279.81,279.71,279.78,909,521,279.754,SPY
130,3/25/2019 10:40,279.79,279.85,279.61,279.62,1205,654,279.716,SPY
131,3/25/2019 10:41,279.62,279.67,279.5,279.5,1467,685,279.59,SPY
132,3/25/2019 10:42,279.5,279.64,279.5,279.58,1456,786,279.547,SPY
133,3/25/2019 10:43,279.58,279.62,279.32,279.33,991,528,279.457,SPY
134,3/25/2019 10:44,279.34,279.4,279.29,279.34,1124,622,279.336,SPY
135,3/25/2019 10:45,279.34,279.47,279.29,279.44,1094,547,279.392,SPY
136,3/25/2019 10:46,279.44,279.48,279.29,279.38,1549,865,279.374,SPY
137,3/25/2019 10:47,279.38,279.38,279.22,279.22,1715,548,279.318,SPY
138,3/25/2019 10:48,279.24,279.27,279.18,279.19,1156,488,279.207,SPY
139,3/25/2019 10:49,279.19,279.2,279.03,279.06,1425,674,279.093,SPY
140,3/25/2019 10:50,279.05,279.19,279.04,279.16,1338,643,279.091,SPY
141,3/25/2019 10:51,279.16,279.21,279.04,279.21,859,498,279.145,SPY
142,3/25/2019 10:52,279.21,279.26,279.16,279.17,590,384,279.205,SPY
143,3/25/2019 10:53,279.16,279.3,279.14,279.22,827,509,279.23,SPY
144,3/25/2019 10:54,279.21,279.24,279.19,279.23,431,337,279.211,SPY
145,3/25/2019 10:55,279.22,279.26,279.08,279.24,1088,684,279.184,SPY
146,3/25/2019 10:56,279.23,279.36,279.2,279.36,638,383,279.302,SPY
147,3/25/2019 10:57,279.36,279.38,279.11,279.13,936,617,279.282,SPY
148,3/25/2019 10:58,279.12,279.14,279.03,279.07,701,399,279.074,SPY
149,3/25/2019 10:59,279.07,279.08,278.92,278.95,794,460,279.005,SPY
150,3/25/2019 11:00,278.94,279.02,278.83,278.92,1784,959,278.9,SPY
151,3/25/2019 11:01,278.91,278.99,278.89,278.94,971,578,278.96,SPY
152,3/25/2019 11:02,278.94,278.95,278.81,278.84,849,536,278.886,SPY
153,3/25/2019 11:03,278.85,279.03,278.85,279.01,1190,660,278.958,SPY
154,3/25/2019 11:04,279.01,279.13,278.98,279.12,748,454,279.053,SPY
155,3/25/2019 11:05,279.13,279.24,279.08,279.21,1160,679,279.161,SPY
156,3/25/2019 11:06,279.22,279.33,279.2,279.31,965,524,279.271,SPY
157,3/25/2019 11:07,279.3,279.34,279.2,279.24,899,561,279.288,SPY
158,3/25/2019 11:08,279.23,279.24,279.13,279.2,693,381,279.187,SPY
159,3/25/2019 11:09,279.2,279.27,279.17,279.17,423,255,279.216,SPY
160,3/25/2019 11:10,279.17,279.19,279.03,279.18,902,549,279.102,SPY
161,3/25/2019 11:11,279.18,279.39,279.17,279.38,1306,743,279.303,SPY
162,3/25/2019 11:12,279.39,279.39,279.24,279.26,817,470,279.305,SPY
163,3/25/2019 11:13,279.24,279.28,279.04,279.07,857,545,279.143,SPY
164,3/25/2019 11:14,279.08,279.24,279.04,279.19,586,424,279.15,SPY
165,3/25/2019 11:15,279.18,279.33,279.04,279.29,708,419,279.199,SPY
166,3/25/2019 11:16,279.3,279.31,279.16,279.16,653,453,279.238,SPY
167,3/25/2019 11:17,279.16,279.24,279.1,279.18,668,453,279.168,SPY
168,3/25/2019 11:18,279.17,279.23,279.14,279.22,896,586,279.192,SPY
169,3/25/2019 11:19,279.22,279.41,279.2,279.33,867,543,279.32,SPY
170,3/25/2019 11:20,279.32,279.48,279.32,279.4,621,411,279.417,SPY
171,3/25/2019 11:21,279.39,279.41,279.3,279.4,735,362,279.366,SPY
172,3/25/2019 11:22,279.4,279.52,279.36,279.48,704,323,279.459,SPY
173,3/25/2019 11:23,279.48,279.54,279.38,279.39,753,428,279.472,SPY
174,3/25/2019 11:24,279.38,279.48,279.37,279.47,322,222,279.426,SPY
175,3/25/2019 11:25,279.47,279.55,279.42,279.51,1243,614,279.495,SPY
176,3/25/2019 11:26,279.51,279.51,279.39,279.46,425,270,279.438,SPY
177,3/25/2019 11:27,279.46,279.52,279.33,279.34,658,443,279.44,SPY
178,3/25/2019 11:28,279.35,279.35,279.27,279.32,876,473,279.312,SPY
179,3/25/2019 11:29,279.33,279.35,279.25,279.28,656,364,279.298,SPY
180,3/25/2019 11:30,279.28,279.33,279.21,279.3,672,483,279.271,SPY
181,3/25/2019 11:31,279.3,279.36,279.18,279.19,586,329,279.274,SPY
182,3/25/2019 11:32,279.18,279.2,279.01,279.01,1439,746,279.07,SPY
183,3/25/2019 11:33,279,279.03,278.85,278.85,1125,519,278.967,SPY
184,3/25/2019 11:34,278.86,278.95,278.83,278.9,612,367,278.877,SPY
185,3/25/2019 11:35,278.9,278.9,278.7,278.72,1066,522,278.804,SPY
186,3/25/2019 11:36,278.71,278.73,278.61,278.67,1439,722,278.682,SPY
187,3/25/2019 11:37,278.67,278.71,278.61,278.62,790,389,278.66,SPY
188,3/25/2019 11:38,278.61,278.62,278.53,278.62,1439,711,278.577,SPY
189,3/25/2019 11:39,278.63,278.66,278.54,278.55,479,294,278.582,SPY
190,3/25/2019 11:40,278.53,278.63,278.5,278.55,1330,665,278.576,SPY
191,3/25/2019 11:41,278.55,278.57,278.43,278.47,947,458,278.502,SPY
192,3/25/2019 11:42,278.47,278.49,278.37,278.38,1085,586,278.441,SPY
193,3/25/2019 11:43,278.41,278.42,278.31,278.36,1603,654,278.359,SPY
194,3/25/2019 11:44,278.35,278.49,278.35,278.46,1120,673,278.44,SPY
195,3/25/2019 11:45,278.44,278.52,278.39,278.49,2941,1304,278.472,SPY
196,3/25/2019 11:46,278.49,278.53,278.33,278.38,1845,813,278.449,SPY
197,3/25/2019 11:47,278.38,278.56,278.36,278.51,1883,1013,278.489,SPY
198,3/25/2019 11:48,278.52,278.61,278.5,278.59,1172,644,278.564,SPY
199,3/25/2019 11:49,278.59,278.61,278.52,278.59,931,538,278.58,SPY
200,3/25/2019 11:50,278.58,278.73,278.58,278.72,1048,640,278.657,SPY
201,3/25/2019 11:51,278.72,278.77,278.69,278.72,847,462,278.731,SPY
202,3/25/2019 11:52,278.71,278.76,278.63,278.67,947,421,278.677,SPY
203,3/25/2019 11:53,278.68,278.71,278.6,278.61,705,391,278.645,SPY
204,3/25/2019 11:54,278.62,278.77,278.62,278.76,792,442,278.708,SPY
205,3/25/2019 11:55,278.75,278.78,278.7,278.76,850,477,278.736,SPY
206,3/25/2019 11:56,278.75,278.81,278.72,278.8,933,555,278.768,SPY
207,3/25/2019 11:57,278.8,278.9,278.8,278.86,1080,566,278.842,SPY
208,3/25/2019 11:58,278.87,279.04,278.87,278.9,1833,896,278.961,SPY
209,3/25/2019 11:59,278.9,279.08,278.82,279.08,1038,627,278.932,SPY
210,3/25/2019 12:00,279.09,279.11,278.88,278.89,1011,509,279.01,SPY
211,3/25/2019 12:01,278.89,278.94,278.85,278.88,531,348,278.916,SPY
212,3/25/2019 12:02,278.88,278.93,278.83,278.88,284,188,278.875,SPY
213,3/25/2019 12:03,278.88,278.88,278.63,278.64,1188,661,278.765,SPY
214,3/25/2019 12:04,278.65,278.77,278.64,278.73,446,269,278.697,SPY
215,3/25/2019 12:05,278.72,278.74,278.58,278.73,813,468,278.652,SPY
216,3/25/2019 12:06,278.72,278.89,278.72,278.86,652,384,278.831,SPY
217,3/25/2019 12:07,278.87,278.93,278.72,278.83,860,520,278.816,SPY
218,3/25/2019 12:08,278.83,278.91,278.74,278.82,603,394,278.829,SPY
219,3/25/2019 12:09,278.83,278.87,278.76,278.81,320,194,278.799,SPY
220,3/25/2019 12:10,278.8,278.97,278.74,278.94,710,385,278.881,SPY
221,3/25/2019 12:11,278.93,278.97,278.86,278.91,406,276,278.915,SPY
222,3/25/2019 12:12,278.92,279.23,278.91,279.2,1928,905,279.098,SPY
223,3/25/2019 12:13,279.22,279.42,279.19,279.37,1589,755,279.3,SPY
224,3/25/2019 12:14,279.37,279.38,279.22,279.26,1199,495,279.278,SPY
225,3/25/2019 12:15,279.25,279.26,279.13,279.16,788,400,279.198,SPY
226,3/25/2019 12:16,279.17,279.21,279.02,279.07,1869,999,279.114,SPY
227,3/25/2019 12:17,279.06,279.06,278.9,278.97,2017,957,278.973,SPY
228,3/25/2019 12:18,278.97,279.02,278.92,279.01,753,423,278.971,SPY
229,3/25/2019 12:19,279.02,279.07,278.97,279.02,1046,636,279.019,SPY
230,3/25/2019 12:20,279.03,279.05,278.93,278.94,708,371,278.982,SPY
231,3/25/2019 12:21,278.94,279.09,278.94,279.07,1202,603,279.034,SPY
232,3/25/2019 12:22,279.09,279.14,278.94,278.95,707,421,279.031,SPY
233,3/25/2019 12:23,278.96,279.01,278.48,278.77,3930,1878,278.776,SPY
234,3/25/2019 12:24,278.77,278.92,278.77,278.89,1203,670,278.842,SPY
235,3/25/2019 12:25,278.89,278.98,278.87,278.92,427,243,278.923,SPY
236,3/25/2019 12:26,278.92,278.92,278.63,278.66,1353,619,278.718,SPY
237,3/25/2019 12:27,278.68,278.71,278.61,278.63,554,318,278.656,SPY
238,3/25/2019 12:28,278.63,278.75,278.61,278.69,782,435,278.698,SPY
239,3/25/2019 12:29,278.69,278.8,278.69,278.77,499,296,278.75,SPY
240,3/25/2019 12:30,278.76,278.84,278.66,278.74,500,330,278.75,SPY
241,3/25/2019 12:31,278.74,278.76,278.56,278.59,2602,1373,278.623,SPY
242,3/25/2019 12:32,278.58,278.63,278.48,278.61,1412,736,278.537,SPY
243,3/25/2019 12:33,278.62,278.62,278.5,278.59,886,538,278.563,SPY
244,3/25/2019 12:34,278.59,278.77,278.59,278.74,630,370,278.699,SPY
245,3/25/2019 12:35,278.74,278.87,278.72,278.82,517,298,278.785,SPY
246,3/25/2019 12:36,278.81,278.99,278.78,278.95,894,418,278.924,SPY
247,3/25/2019 12:37,278.96,278.97,278.9,278.93,476,270,278.942,SPY
248,3/25/2019 12:38,278.92,278.96,278.84,278.96,728,394,278.892,SPY
249,3/25/2019 12:39,278.95,279.01,278.87,278.89,843,506,278.958,SPY
250,3/25/2019 12:40,278.89,278.96,278.86,278.93,368,217,278.918,SPY
251,3/25/2019 12:41,278.93,278.94,278.84,278.86,500,247,278.882,SPY
252,3/25/2019 12:42,278.86,278.86,278.7,278.76,1971,906,278.777,SPY
253,3/25/2019 12:43,278.76,278.78,278.64,278.7,812,463,278.695,SPY
254,3/25/2019 12:44,278.69,278.72,278.62,278.65,385,276,278.66,SPY
255,3/25/2019 12:45,278.64,278.66,278.54,278.61,641,367,278.607,SPY
256,3/25/2019 12:46,278.6,278.6,278.45,278.46,539,321,278.502,SPY
257,3/25/2019 12:47,278.47,278.48,278.42,278.43,493,289,278.445,SPY
258,3/25/2019 12:48,278.44,278.44,278.22,278.24,3012,1326,278.3,SPY
259,3/25/2019 12:49,278.24,278.33,278.16,278.31,2376,1049,278.232,SPY
260,3/25/2019 12:50,278.3,278.37,278.29,278.33,849,436,278.331,SPY
261,3/25/2019 12:51,278.34,278.36,278.17,278.28,583,336,278.275,SPY
262,3/25/2019 12:52,278.28,278.36,278.23,278.35,549,379,278.306,SPY
263,3/25/2019 12:53,278.35,278.35,278.12,278.16,1353,478,278.203,SPY
264,3/25/2019 12:54,278.16,278.19,278.08,278.1,1013,578,278.135,SPY
265,3/25/2019 12:55,278.11,278.14,278.03,278.13,1946,984,278.073,SPY
266,3/25/2019 12:56,278.14,278.24,278.08,278.15,1723,964,278.151,SPY
267,3/25/2019 12:57,278.16,278.23,278.12,278.21,1344,762,278.172,SPY
268,3/25/2019 12:58,278.21,278.26,278.12,278.16,796,493,278.207,SPY
269,3/25/2019 12:59,278.16,278.19,278.12,278.17,813,507,278.153,SPY
270,3/25/2019 13:00,278.17,278.3,278.12,278.27,1320,746,278.249,SPY
271,3/25/2019 13:01,278.27,278.41,278.24,278.31,1806,878,278.353,SPY
272,3/25/2019 13:02,278.32,278.35,278.26,278.31,724,423,278.302,SPY
273,3/25/2019 13:03,278.33,278.39,278.23,278.33,568,376,278.332,SPY
274,3/25/2019 13:04,278.35,278.35,278.18,278.22,926,508,278.249,SPY
275,3/25/2019 13:05,278.21,278.23,277.99,278.02,2630,780,278.085,SPY
276,3/25/2019 13:06,278.03,278.06,277.95,278.03,1324,509,277.989,SPY
277,3/25/2019 13:07,278.02,278.13,278.02,278.03,704,426,278.064,SPY
278,3/25/2019 13:08,278.03,278.06,277.93,277.99,1786,758,277.985,SPY
279,3/25/2019 13:09,277.99,278.02,277.94,278,952,574,277.977,SPY
280,3/25/2019 13:10,278,278.06,277.93,278.01,1526,656,277.991,SPY
281,3/25/2019 13:11,278.01,278.17,278,278.01,2141,979,278.077,SPY
282,3/25/2019 13:12,278.01,278.24,277.95,278.01,2555,1189,278.132,SPY
283,3/25/2019 13:13,278.01,278.15,277.9,278.13,1282,669,278.006,SPY
284,3/25/2019 13:14,278.13,278.19,278.1,278.13,777,461,278.145,SPY
285,3/25/2019 13:15,278.12,278.29,278.12,278.2,1251,668,278.231,SPY
286,3/25/2019 13:16,278.2,278.21,277.99,278.01,1329,558,278.042,SPY
287,3/25/2019 13:17,278.01,278.01,277.86,277.87,1002,554,277.938,SPY
288,3/25/2019 13:18,277.89,277.91,277.81,277.82,1054,585,277.86,SPY
289,3/25/2019 13:19,277.83,277.95,277.83,277.88,631,344,277.893,SPY
290,3/25/2019 13:20,277.89,278.01,277.89,277.91,460,292,277.948,SPY
291,3/25/2019 13:21,277.9,277.96,277.89,277.92,593,274,277.926,SPY
292,3/25/2019 13:22,277.93,277.96,277.83,277.85,786,353,277.87,SPY
293,3/25/2019 13:23,277.85,277.91,277.74,277.89,2264,1097,277.811,SPY
294,3/25/2019 13:24,277.9,277.91,277.7,277.79,2228,1086,277.831,SPY
295,3/25/2019 13:25,277.79,277.85,277.73,277.83,1329,568,277.799,SPY
296,3/25/2019 13:26,277.83,277.91,277.78,277.87,876,403,277.834,SPY
297,3/25/2019 13:27,277.86,277.88,277.64,277.81,2373,961,277.738,SPY
298,3/25/2019 13:28,277.82,277.88,277.78,277.81,1400,544,277.839,SPY
299,3/25/2019 13:29,277.81,277.97,277.8,277.95,1794,761,277.918,SPY
300,3/25/2019 13:30,277.95,278.11,277.94,278.11,1769,684,278.023,SPY
301,3/25/2019 13:31,278.11,278.23,278.09,278.18,2032,805,278.171,SPY
302,3/25/2019 13:32,278.2,278.27,278.13,278.26,1663,670,278.207,SPY
303,3/25/2019 13:33,278.26,278.31,278.22,278.25,977,451,278.257,SPY
304,3/25/2019 13:34,278.25,278.31,278.16,278.31,1140,630,278.247,SPY
305,3/25/2019 13:35,278.31,278.36,278.26,278.35,2020,928,278.294,SPY
306,3/25/2019 13:36,278.36,278.36,278.26,278.31,949,432,278.299,SPY
307,3/25/2019 13:37,278.31,278.32,278.2,278.21,531,289,278.237,SPY
308,3/25/2019 13:38,278.22,278.26,278.16,278.23,482,255,278.217,SPY
309,3/25/2019 13:39,278.24,278.33,278.24,278.31,572,322,278.281,SPY
310,3/25/2019 13:40,278.31,278.36,278.22,278.31,813,388,278.296,SPY
311,3/25/2019 13:41,278.3,278.47,278.29,278.38,1167,623,278.404,SPY
312,3/25/2019 13:42,278.39,278.56,278.38,278.55,827,493,278.446,SPY
313,3/25/2019 13:43,278.54,278.62,278.53,278.6,1866,748,278.586,SPY
314,3/25/2019 13:44,278.61,278.65,278.55,278.57,917,519,278.612,SPY
315,3/25/2019 13:45,278.57,278.61,278.49,278.51,875,389,278.545,SPY
316,3/25/2019 13:46,278.51,278.58,278.47,278.58,537,275,278.511,SPY
317,3/25/2019 13:47,278.59,278.65,278.55,278.57,890,451,278.613,SPY
318,3/25/2019 13:48,278.56,278.64,278.51,278.53,624,349,278.577,SPY
319,3/25/2019 13:49,278.53,278.54,278.46,278.49,785,278,278.504,SPY
320,3/25/2019 13:50,278.5,278.59,278.42,278.43,601,364,278.502,SPY
321,3/25/2019 13:51,278.43,278.48,278.41,278.44,666,371,278.44,SPY
322,3/25/2019 13:52,278.44,278.58,278.42,278.55,614,400,278.491,SPY
323,3/25/2019 13:53,278.56,278.56,278.43,278.45,959,581,278.493,SPY
324,3/25/2019 13:54,278.44,278.52,278.42,278.52,515,285,278.477,SPY
325,3/25/2019 13:55,278.53,278.6,278.46,278.51,717,388,278.512,SPY
326,3/25/2019 13:56,278.51,278.66,278.51,278.59,1073,575,278.596,SPY
327,3/25/2019 13:57,278.6,278.75,278.59,278.74,1346,597,278.693,SPY
328,3/25/2019 13:58,278.73,278.81,278.66,278.71,1555,589,278.749,SPY
329,3/25/2019 13:59,278.71,278.77,278.67,278.75,776,425,278.732,SPY
330,3/25/2019 14:00,278.75,278.94,278.75,278.94,2605,972,278.857,SPY
331,3/25/2019 14:01,278.94,278.96,278.81,278.9,1763,756,278.894,SPY
332,3/25/2019 14:02,278.9,278.93,278.81,278.82,635,395,278.876,SPY
333,3/25/2019 14:03,278.82,278.83,278.66,278.69,1385,506,278.747,SPY
334,3/25/2019 14:04,278.68,278.7,278.56,278.68,2117,796,278.633,SPY
335,3/25/2019 14:05,278.67,278.71,278.62,278.64,510,311,278.67,SPY
336,3/25/2019 14:06,278.63,278.76,278.61,278.61,788,401,278.705,SPY
337,3/25/2019 14:07,278.62,278.74,278.61,278.74,324,186,278.702,SPY
338,3/25/2019 14:08,278.72,278.84,278.69,278.75,983,453,278.774,SPY
339,3/25/2019 14:09,278.76,278.81,278.71,278.77,610,320,278.752,SPY
340,3/25/2019 14:10,278.76,278.88,278.74,278.82,763,439,278.826,SPY
341,3/25/2019 14:11,278.83,278.94,278.78,278.92,1062,445,278.877,SPY
342,3/25/2019 14:12,278.91,279.1,278.89,279.08,2004,904,279.016,SPY
343,3/25/2019 14:13,279.09,279.24,279.08,279.15,2670,941,279.173,SPY
344,3/25/2019 14:14,279.16,279.24,279.14,279.23,1010,527,279.187,SPY
345,3/25/2019 14:15,279.22,279.27,279.17,279.25,1049,584,279.224,SPY
346,3/25/2019 14:16,279.25,279.28,279.14,279.15,653,397,279.232,SPY
347,3/25/2019 14:17,279.15,279.15,278.98,278.99,1140,685,279.056,SPY
348,3/25/2019 14:18,279,279.12,278.99,279.07,728,420,279.057,SPY
349,3/25/2019 14:19,279.07,279.1,278.98,279.01,739,462,279.041,SPY
350,3/25/2019 14:20,279.01,279.02,278.95,278.96,485,307,278.983,SPY
351,3/25/2019 14:21,278.95,279.06,278.94,279,538,354,279.005,SPY
352,3/25/2019 14:22,279,279.14,278.97,279.11,1398,511,279.098,SPY
353,3/25/2019 14:23,279.11,279.35,279.09,279.32,1736,898,279.196,SPY
354,3/25/2019 14:24,279.31,279.34,279.25,279.26,703,427,279.294,SPY
355,3/25/2019 14:25,279.25,279.26,279.17,279.23,1721,636,279.209,SPY
356,3/25/2019 14:26,279.23,279.45,279.23,279.4,2419,1024,279.381,SPY
357,3/25/2019 14:27,279.4,279.4,279.31,279.35,2215,951,279.339,SPY
358,3/25/2019 14:28,279.34,279.35,279.24,279.24,760,392,279.295,SPY
359,3/25/2019 14:29,279.24,279.27,279.18,279.21,1405,639,279.215,SPY
360,3/25/2019 14:30,279.21,279.35,279.1,279.12,2134,1145,279.215,SPY
361,3/25/2019 14:31,279.13,279.13,279.07,279.12,1121,651,279.097,SPY
362,3/25/2019 14:32,279.12,279.16,279.05,279.11,803,490,279.11,SPY
363,3/25/2019 14:33,279.12,279.15,279.08,279.13,1040,474,279.115,SPY
364,3/25/2019 14:34,279.13,279.14,279.04,279.06,1770,925,279.08,SPY
365,3/25/2019 14:35,279.06,279.08,279.02,279.03,821,395,279.036,SPY
366,3/25/2019 14:36,279.04,279.09,279.01,279.09,1661,814,279.056,SPY
367,3/25/2019 14:37,279.09,279.27,279.09,279.2,1728,919,279.201,SPY
368,3/25/2019 14:38,279.2,279.2,279.02,279.04,868,510,279.103,SPY
369,3/25/2019 14:39,279.04,279.05,278.98,278.98,1576,698,279.021,SPY
370,3/25/2019 14:40,278.99,279.09,278.93,278.95,1809,986,279.016,SPY
371,3/25/2019 14:41,278.94,279,278.92,278.93,1351,699,278.956,SPY
372,3/25/2019 14:42,278.93,279.01,278.91,279,949,534,278.962,SPY
373,3/25/2019 14:43,279,279.16,278.98,279.13,2390,1143,279.089,SPY
374,3/25/2019 14:44,279.13,279.23,279.13,279.16,1271,775,279.187,SPY
375,3/25/2019 14:45,279.15,279.35,279.1,279.34,2904,1446,279.247,SPY
376,3/25/2019 14:46,279.34,279.38,279.27,279.35,1414,707,279.322,SPY
377,3/25/2019 14:47,279.35,279.35,279.18,279.18,2317,1074,279.255,SPY
378,3/25/2019 14:48,279.19,279.21,278.93,278.99,2210,1101,279.074,SPY
379,3/25/2019 14:49,278.98,278.99,278.86,278.89,1910,984,278.907,SPY
380,3/25/2019 14:50,278.9,279.02,278.86,279,2511,1114,278.93,SPY
381,3/25/2019 14:51,279,279.07,278.84,278.84,4762,1924,278.983,SPY
382,3/25/2019 14:52,278.84,278.98,278.83,278.96,1889,961,278.883,SPY
383,3/25/2019 14:53,278.98,279.06,278.91,279.02,3299,1372,279.001,SPY
384,3/25/2019 14:54,279.02,279.07,278.95,278.98,2676,1152,279.009,SPY
385,3/25/2019 14:55,278.97,279.07,278.81,278.83,5107,2697,278.892,SPY
386,3/25/2019 14:56,278.82,279.08,278.79,279.05,5416,2397,278.973,SPY
387,3/25/2019 14:57,279.05,279.26,278.98,279.21,7420,2827,279.113,SPY
388,3/25/2019 14:58,279.21,279.28,279.11,279.16,4452,2278,279.203,SPY
389,3/25/2019 14:59,279.16,279.18,278.96,279.02,9746,4060,279.044,SPY
390,3/26/2019 8:30,280.99,281.12,280.97,281.07,6039,1656,281.024,SPY
391,3/26/2019 8:31,281.07,281.23,281.05,281.23,2806,1211,281.139,SPY
392,3/26/2019 8:32,281.23,281.37,281.2,281.28,4243,1594,281.289,SPY
393,3/26/2019 8:33,281.31,281.37,281.3,281.36,2927,1166,281.341,SPY
394,3/26/2019 8:34,281.34,281.41,281.27,281.29,2209,956,281.367,SPY
395,3/26/2019 8:35,281.28,281.48,281.26,281.44,2769,1199,281.404,SPY
396,3/26/2019 8:36,281.43,281.49,281.43,281.48,2035,1016,281.471,SPY
397,3/26/2019 8:37,281.47,281.51,281.42,281.44,3663,1551,281.471,SPY
398,3/26/2019 8:38,281.45,281.54,281.38,281.53,2072,928,281.447,SPY
399,3/26/2019 8:39,281.53,281.6,281.46,281.6,1851,736,281.542,SPY
400,3/26/2019 8:40,281.6,281.64,281.4,281.47,2417,1086,281.528,SPY
401,3/26/2019 8:41,281.48,281.5,281.4,281.46,1668,726,281.45,SPY
402,3/26/2019 8:42,281.48,281.62,281.48,281.62,1538,893,281.56,SPY
403,3/26/2019 8:43,281.62,281.67,281.5,281.6,2581,995,281.599,SPY
404,3/26/2019 8:44,281.61,281.82,281.6,281.8,2726,1151,281.699,SPY
405,3/26/2019 8:45,281.8,281.95,281.77,281.93,2265,1103,281.869,SPY
406,3/26/2019 8:46,281.92,281.94,281.73,281.77,1745,892,281.816,SPY
407,3/26/2019 8:47,281.77,281.8,281.72,281.79,1342,716,281.757,SPY
408,3/26/2019 8:48,281.8,281.84,281.68,281.7,1717,956,281.745,SPY
409,3/26/2019 8:49,281.7,281.72,281.61,281.61,1896,920,281.65,SPY
410,3/26/2019 8:50,281.61,281.65,281.46,281.46,1975,1012,281.538,SPY
411,3/26/2019 8:51,281.46,281.5,281.36,281.37,2835,1003,281.429,SPY
412,3/26/2019 8:52,281.38,281.61,281.37,281.59,2068,1054,281.524,SPY
413,3/26/2019 8:53,281.58,281.72,281.58,281.71,1938,1109,281.669,SPY
414,3/26/2019 8:54,281.71,281.77,281.61,281.73,1399,728,281.675,SPY
415,3/26/2019 8:55,281.74,281.78,281.59,281.64,1382,643,281.657,SPY
416,3/26/2019 8:56,281.65,281.75,281.63,281.67,1229,570,281.681,SPY
417,3/26/2019 8:57,281.68,281.83,281.65,281.79,1726,911,281.726,SPY
418,3/26/2019 8:58,281.81,281.9,281.77,281.9,2347,764,281.824,SPY
419,3/26/2019 8:59,281.9,281.98,281.87,281.97,2207,819,281.919,SPY
420,3/26/2019 9:00,281.98,282.04,281.7,281.71,5052,2000,281.849,SPY
421,3/26/2019 9:01,281.7,281.99,281.7,281.95,1824,959,281.915,SPY
422,3/26/2019 9:02,281.96,281.97,281.82,281.88,1154,626,281.879,SPY
423,3/26/2019 9:03,281.89,281.99,281.83,281.86,1369,710,281.92,SPY
424,3/26/2019 9:04,281.86,281.99,281.73,281.76,1338,629,281.866,SPY
425,3/26/2019 9:05,281.77,281.81,281.65,281.71,1947,1048,281.723,SPY
426,3/26/2019 9:06,281.69,281.73,281.61,281.65,2063,1038,281.678,SPY
427,3/26/2019 9:07,281.64,281.65,281.52,281.54,1430,686,281.577,SPY
428,3/26/2019 9:08,281.54,281.61,281.47,281.53,2076,1003,281.544,SPY
429,3/26/2019 9:09,281.54,281.67,281.49,281.49,1238,634,281.624,SPY
430,3/26/2019 9:10,281.5,281.63,281.44,281.63,1009,488,281.541,SPY
431,3/26/2019 9:11,281.63,281.65,281.54,281.62,1367,705,281.584,SPY
432,3/26/2019 9:12,281.62,281.74,281.55,281.58,2107,1020,281.654,SPY
433,3/26/2019 9:13,281.58,281.73,281.58,281.69,1739,918,281.68,SPY
434,3/26/2019 9:14,281.69,281.73,281.62,281.65,748,448,281.665,SPY
435,3/26/2019 9:15,281.66,281.76,281.55,281.56,789,442,281.651,SPY
436,3/26/2019 9:16,281.56,281.6,281.48,281.5,1030,572,281.537,SPY
437,3/26/2019 9:17,281.5,281.72,281.49,281.68,1473,718,281.591,SPY
438,3/26/2019 9:18,281.67,281.72,281.6,281.63,1432,739,281.669,SPY
439,3/26/2019 9:19,281.62,281.77,281.62,281.75,1229,600,281.709,SPY
440,3/26/2019 9:20,281.75,281.76,281.53,281.54,1291,761,281.622,SPY
441,3/26/2019 9:21,281.56,281.62,281.43,281.61,959,484,281.515,SPY
442,3/26/2019 9:22,281.6,281.7,281.55,281.55,885,450,281.622,SPY
443,3/26/2019 9:23,281.55,281.58,281.38,281.46,1701,839,281.463,SPY
444,3/26/2019 9:24,281.48,281.54,281.46,281.47,739,399,281.506,SPY
445,3/26/2019 9:25,281.48,281.57,281.46,281.49,641,349,281.526,SPY
446,3/26/2019 9:26,281.49,281.64,281.49,281.62,1168,559,281.589,SPY
447,3/26/2019 9:27,281.62,281.69,281.61,281.67,471,247,281.646,SPY
448,3/26/2019 9:28,281.68,281.83,281.67,281.81,1369,680,281.749,SPY
449,3/26/2019 9:29,281.82,281.83,281.66,281.68,839,493,281.72,SPY
450,3/26/2019 9:30,281.7,281.75,281.55,281.6,843,431,281.63,SPY
451,3/26/2019 9:31,281.6,281.61,281.43,281.5,1214,672,281.5,SPY
452,3/26/2019 9:32,281.49,281.58,281.32,281.34,1311,715,281.425,SPY
453,3/26/2019 9:33,281.35,281.46,281.35,281.45,918,473,281.42,SPY
454,3/26/2019 9:34,281.45,281.48,281.36,281.38,806,377,281.422,SPY
455,3/26/2019 9:35,281.38,281.4,281.22,281.25,2770,1239,281.273,SPY
456,3/26/2019 9:36,281.24,281.36,281.24,281.33,757,451,281.285,SPY
457,3/26/2019 9:37,281.33,281.33,281.24,281.26,755,393,281.276,SPY
458,3/26/2019 9:38,281.27,281.47,281.25,281.45,998,589,281.389,SPY
459,3/26/2019 9:39,281.45,281.46,281.36,281.39,950,481,281.409,SPY
460,3/26/2019 9:40,281.4,281.5,281.37,281.48,613,326,281.418,SPY
461,3/26/2019 9:41,281.48,281.52,281.35,281.39,638,385,281.448,SPY
462,3/26/2019 9:42,281.39,281.51,281.29,281.49,766,383,281.402,SPY
463,3/26/2019 9:43,281.48,281.52,281.31,281.36,766,296,281.423,SPY
464,3/26/2019 9:44,281.35,281.39,281.29,281.38,477,272,281.34,SPY
465,3/26/2019 9:45,281.37,281.57,281.37,281.57,889,445,281.465,SPY
466,3/26/2019 9:46,281.57,281.6,281.44,281.53,1078,538,281.49,SPY
467,3/26/2019 9:47,281.53,281.64,281.49,281.63,731,420,281.561,SPY
468,3/26/2019 9:48,281.62,281.76,281.62,281.68,1281,673,281.695,SPY
469,3/26/2019 9:49,281.68,281.85,281.66,281.84,1058,581,281.77,SPY
470,3/26/2019 9:50,281.84,281.92,281.77,281.91,1075,589,281.833,SPY
471,3/26/2019 9:51,281.9,282.04,281.87,281.98,1819,840,281.959,SPY
472,3/26/2019 9:52,281.98,282.01,281.93,281.94,1034,546,281.96,SPY
473,3/26/2019 9:53,281.94,282.02,281.91,282.01,1229,613,281.958,SPY
474,3/26/2019 9:54,282.02,282.07,281.95,282,2501,1004,282.026,SPY
475,3/26/2019 9:55,282.01,282.13,282.01,282.11,1530,720,282.072,SPY
476,3/26/2019 9:56,282.11,282.17,282.07,282.14,2197,1016,282.125,SPY
477,3/26/2019 9:57,282.15,282.18,282.06,282.08,1280,729,282.128,SPY
478,3/26/2019 9:58,282.08,282.1,282,282.01,1247,586,282.036,SPY
479,3/26/2019 9:59,282.02,282.1,282.01,282.09,704,386,282.06,SPY
480,3/26/2019 10:00,282.09,282.15,282,282.1,867,447,282.078,SPY
481,3/26/2019 10:01,282.12,282.18,282.12,282.17,411,239,282.161,SPY
482,3/26/2019 10:02,282.17,282.17,281.96,281.99,863,454,282.051,SPY
483,3/26/2019 10:03,281.98,282,281.92,281.97,1311,639,281.955,SPY
484,3/26/2019 10:04,281.96,282.06,281.96,282,800,414,282.026,SPY
485,3/26/2019 10:05,282,282,281.91,281.95,646,358,281.956,SPY
486,3/26/2019 10:06,281.94,282,281.88,281.95,964,511,281.947,SPY
487,3/26/2019 10:07,281.96,281.97,281.88,281.89,671,301,281.923,SPY
488,3/26/2019 10:08,281.89,281.9,281.75,281.84,1426,656,281.828,SPY
489,3/26/2019 10:09,281.84,281.86,281.73,281.78,1098,535,281.79,SPY
490,3/26/2019 10:10,281.79,281.79,281.63,281.65,1078,540,281.695,SPY
491,3/26/2019 10:11,281.64,281.7,281.62,281.63,827,371,281.652,SPY
492,3/26/2019 10:12,281.63,281.73,281.62,281.7,737,422,281.691,SPY
493,3/26/2019 10:13,281.7,281.77,281.68,281.74,850,377,281.72,SPY
494,3/26/2019 10:14,281.74,281.76,281.64,281.67,1445,591,281.692,SPY
495,3/26/2019 10:15,281.67,281.81,281.67,281.8,761,435,281.755,SPY
496,3/26/2019 10:16,281.82,281.89,281.81,281.87,833,498,281.849,SPY
497,3/26/2019 10:17,281.87,281.9,281.78,281.84,621,360,281.845,SPY
498,3/26/2019 10:18,281.84,281.84,281.54,281.54,1195,650,281.696,SPY
499,3/26/2019 10:19,281.54,281.58,281.44,281.5,1717,948,281.496,SPY
500,3/26/2019 10:20,281.49,281.59,281.48,281.59,792,495,281.543,SPY
501,3/26/2019 10:21,281.59,281.64,281.56,281.62,695,391,281.603,SPY
502,3/26/2019 10:22,281.62,281.67,281.56,281.59,591,385,281.614,SPY
503,3/26/2019 10:23,281.59,281.59,281.38,281.4,1497,700,281.467,SPY
504,3/26/2019 10:24,281.4,281.52,281.39,281.52,438,241,281.459,SPY
505,3/26/2019 10:25,281.52,281.59,281.51,281.59,477,217,281.551,SPY
506,3/26/2019 10:26,281.6,281.61,281.49,281.53,564,269,281.555,SPY
507,3/26/2019 10:27,281.54,281.56,281.44,281.49,442,255,281.489,SPY
508,3/26/2019 10:28,281.49,281.52,281.43,281.45,542,235,281.458,SPY
509,3/26/2019 10:29,281.45,281.61,281.44,281.53,542,315,281.565,SPY
510,3/26/2019 10:30,281.53,281.64,281.51,281.59,967,471,281.603,SPY
511,3/26/2019 10:31,281.58,281.59,281.5,281.5,445,274,281.533,SPY
512,3/26/2019 10:32,281.5,281.51,281.36,281.39,793,421,281.411,SPY
513,3/26/2019 10:33,281.39,281.54,281.34,281.53,796,363,281.425,SPY
514,3/26/2019 10:34,281.53,281.55,281.47,281.52,825,494,281.511,SPY
515,3/26/2019 10:35,281.51,281.52,281.4,281.48,650,452,281.443,SPY
516,3/26/2019 10:36,281.47,281.58,281.42,281.54,680,469,281.501,SPY
517,3/26/2019 10:37,281.54,281.67,281.54,281.66,1015,429,281.618,SPY
518,3/26/2019 10:38,281.66,281.76,281.61,281.73,1097,522,281.675,SPY
519,3/26/2019 10:39,281.74,281.78,281.71,281.74,813,467,281.749,SPY
520,3/26/2019 10:40,281.75,281.84,281.72,281.82,1556,715,281.782,SPY
521,3/26/2019 10:41,281.82,281.87,281.74,281.8,944,511,281.824,SPY
522,3/26/2019 10:42,281.81,281.82,281.76,281.81,765,340,281.784,SPY
523,3/26/2019 10:43,281.81,281.83,281.74,281.76,692,292,281.785,SPY
524,3/26/2019 10:44,281.76,281.78,281.66,281.7,647,357,281.717,SPY
525,3/26/2019 10:45,281.71,281.71,281.51,281.51,479,319,281.609,SPY
526,3/26/2019 10:46,281.51,281.53,281.43,281.47,803,400,281.482,SPY
527,3/26/2019 10:47,281.47,281.47,281.2,281.25,1688,857,281.3,SPY
528,3/26/2019 10:48,281.25,281.26,281.17,281.25,1632,702,281.212,SPY
529,3/26/2019 10:49,281.25,281.38,281.25,281.36,737,354,281.313,SPY
530,3/26/2019 10:50,281.36,281.36,281.22,281.24,637,343,281.285,SPY
531,3/26/2019 10:51,281.25,281.25,281.04,281.07,1750,949,281.115,SPY
532,3/26/2019 10:52,281.07,281.1,280.89,280.92,3112,1451,280.958,SPY
533,3/26/2019 10:53,280.91,280.92,280.8,280.87,2007,956,280.876,SPY
534,3/26/2019 10:54,280.88,281.04,280.87,280.95,1098,532,280.981,SPY
535,3/26/2019 10:55,280.94,281.07,280.92,281.03,1101,583,281.011,SPY
536,3/26/2019 10:56,281.03,281.12,280.97,281.03,1602,900,281.047,SPY
537,3/26/2019 10:57,281.03,281.04,280.93,281.02,877,587,280.987,SPY
538,3/26/2019 10:58,281.01,281.13,280.96,281.07,989,539,281.034,SPY
539,3/26/2019 10:59,281.07,281.1,281,281.08,734,461,281.053,SPY
540,3/26/2019 11:00,281.09,281.16,281.05,281.14,698,374,281.099,SPY
541,3/26/2019 11:01,281.15,281.19,281.11,281.18,540,315,281.15,SPY
542,3/26/2019 11:02,281.18,281.28,281.18,281.25,988,471,281.25,SPY
543,3/26/2019 11:03,281.25,281.26,281.08,281.15,1000,446,281.198,SPY
544,3/26/2019 11:04,281.16,281.2,281.08,281.18,679,391,281.139,SPY
545,3/26/2019 11:05,281.18,281.22,281.11,281.17,464,307,281.166,SPY
546,3/26/2019 11:06,281.17,281.27,281.14,281.23,440,269,281.2,SPY
547,3/26/2019 11:07,281.23,281.26,281.08,281.08,1040,596,281.151,SPY
548,3/26/2019 11:08,281.08,281.16,281.05,281.14,552,319,281.089,SPY
549,3/26/2019 11:09,281.13,281.17,281.02,281.1,545,295,281.081,SPY
550,3/26/2019 11:10,281.1,281.17,281.06,281.14,345,235,281.136,SPY
551,3/26/2019 11:11,281.17,281.17,281.11,281.15,269,198,281.141,SPY
552,3/26/2019 11:12,281.15,281.16,281.08,281.12,399,240,281.123,SPY
553,3/26/2019 11:13,281.13,281.17,281.01,281.15,642,356,281.093,SPY
554,3/26/2019 11:14,281.16,281.23,281.09,281.17,805,467,281.153,SPY
555,3/26/2019 11:15,281.18,281.22,281.08,281.22,455,270,281.171,SPY
556,3/26/2019 11:16,281.23,281.28,281.22,281.27,601,289,281.251,SPY
557,3/26/2019 11:17,281.27,281.29,281.22,281.28,415,228,281.256,SPY
558,3/26/2019 11:18,281.29,281.3,281.22,281.25,312,167,281.255,SPY
559,3/26/2019 11:19,281.24,281.29,281.2,281.28,473,236,281.235,SPY
560,3/26/2019 11:20,281.28,281.34,281.17,281.17,1328,671,281.264,SPY
561,3/26/2019 11:21,281.17,281.23,281.1,281.16,649,420,281.164,SPY
562,3/26/2019 11:22,281.17,281.17,281.08,281.08,381,233,281.117,SPY
563,3/26/2019 11:23,281.07,281.08,280.83,280.84,1812,872,280.909,SPY
564,3/26/2019 11:24,280.84,280.84,280.73,280.79,1609,896,280.78,SPY
565,3/26/2019 11:25,280.78,280.89,280.73,280.86,1671,865,280.81,SPY
566,3/26/2019 11:26,280.86,280.88,280.65,280.66,1451,701,280.745,SPY
567,3/26/2019 11:27,280.66,280.77,280.65,280.71,938,536,280.701,SPY
568,3/26/2019 11:28,280.72,280.8,280.65,280.78,886,447,280.736,SPY
569,3/26/2019 11:29,280.78,280.85,280.72,280.73,926,546,280.78,SPY
570,3/26/2019 11:30,280.73,280.86,280.72,280.83,950,537,280.792,SPY
571,3/26/2019 11:31,280.82,280.84,280.64,280.73,621,408,280.712,SPY
572,3/26/2019 11:32,280.74,280.76,280.67,280.67,426,295,280.711,SPY
573,3/26/2019 11:33,280.67,280.83,280.67,280.81,1104,441,280.76,SPY
574,3/26/2019 11:34,280.81,280.81,280.62,280.64,754,468,280.723,SPY
575,3/26/2019 11:35,280.64,280.82,280.63,280.74,723,490,280.759,SPY
576,3/26/2019 11:36,280.74,280.75,280.6,280.62,549,285,280.657,SPY
577,3/26/2019 11:37,280.63,280.73,280.6,280.68,1010,512,280.657,SPY
578,3/26/2019 11:38,280.67,280.68,280.55,280.65,977,550,280.625,SPY
579,3/26/2019 11:39,280.64,280.64,280.51,280.54,766,448,280.552,SPY
580,3/26/2019 11:40,280.54,280.6,280.35,280.39,2271,1051,280.444,SPY
581,3/26/2019 11:41,280.38,280.55,280.37,280.52,2088,921,280.502,SPY
582,3/26/2019 11:42,280.52,280.53,280.39,280.4,664,384,280.485,SPY
583,3/26/2019 11:43,280.39,280.41,280.32,280.37,1229,566,280.365,SPY
584,3/26/2019 11:44,280.39,280.49,280.39,280.45,1000,579,280.443,SPY
585,3/26/2019 11:45,280.44,280.47,280.35,280.37,445,262,280.407,SPY
586,3/26/2019 11:46,280.37,280.42,280.32,280.33,973,526,280.365,SPY
587,3/26/2019 11:47,280.33,280.37,280.29,280.32,994,490,280.32,SPY
588,3/26/2019 11:48,280.31,280.37,280.22,280.25,1151,661,280.284,SPY
589,3/26/2019 11:49,280.26,280.34,280.22,280.28,1178,711,280.278,SPY
590,3/26/2019 11:50,280.28,280.42,280.27,280.39,683,385,280.372,SPY
591,3/26/2019 11:51,280.4,280.54,280.36,280.53,1206,650,280.467,SPY
592,3/26/2019 11:52,280.52,280.56,280.48,280.52,1201,615,280.522,SPY
593,3/26/2019 11:53,280.52,280.56,280.51,280.54,713,410,280.539,SPY
594,3/26/2019 11:54,280.54,280.59,280.54,280.59,493,262,280.559,SPY
595,3/26/2019 11:55,280.58,280.66,280.54,280.57,991,485,280.615,SPY
596,3/26/2019 11:56,280.57,280.64,280.52,280.62,326,205,280.593,SPY
597,3/26/2019 11:57,280.62,280.66,280.5,280.52,543,268,280.582,SPY
598,3/26/2019 11:58,280.53,280.56,280.39,280.43,439,236,280.468,SPY
599,3/26/2019 11:59,280.44,280.62,280.43,280.62,867,513,280.525,SPY
600,3/26/2019 12:00,280.61,280.65,280.54,280.58,667,379,280.598,SPY
601,3/26/2019 12:01,280.58,280.7,280.57,280.6,1183,563,280.639,SPY
602,3/26/2019 12:02,280.61,280.7,280.58,280.69,871,297,280.611,SPY
603,3/26/2019 12:03,280.71,280.77,280.64,280.75,918,504,280.704,SPY
604,3/26/2019 12:04,280.76,280.81,280.63,280.63,529,334,280.736,SPY
605,3/26/2019 12:05,280.64,280.66,280.56,280.58,565,328,280.606,SPY
606,3/26/2019 12:06,280.59,280.66,280.58,280.62,188,130,280.62,SPY
607,3/26/2019 12:07,280.61,280.74,280.6,280.69,476,279,280.688,SPY
608,3/26/2019 12:08,280.7,280.73,280.59,280.59,620,369,280.66,SPY
609,3/26/2019 12:09,280.59,280.71,280.57,280.67,235,169,280.641,SPY
610,3/26/2019 12:10,280.66,280.81,280.65,280.79,577,346,280.755,SPY
611,3/26/2019 12:11,280.8,280.85,280.77,280.79,902,534,280.819,SPY
612,3/26/2019 12:12,280.78,280.78,280.75,280.75,372,206,280.769,SPY
613,3/26/2019 12:13,280.74,280.82,280.74,280.8,656,267,280.789,SPY
614,3/26/2019 12:14,280.8,280.87,280.8,280.84,259,171,280.832,SPY
615,3/26/2019 12:15,280.84,280.86,280.78,280.82,861,464,280.832,SPY
616,3/26/2019 12:16,280.82,280.84,280.76,280.78,452,298,280.79,SPY
617,3/26/2019 12:17,280.79,280.88,280.78,280.86,594,280,280.84,SPY
618,3/26/2019 12:18,280.86,280.92,280.85,280.91,440,223,280.884,SPY
619,3/26/2019 12:19,280.92,280.93,280.86,280.91,561,273,280.899,SPY
620,3/26/2019 12:20,280.91,280.92,280.8,280.82,561,363,280.838,SPY
621,3/26/2019 12:21,280.82,280.82,280.77,280.79,621,353,280.794,SPY
622,3/26/2019 12:22,280.8,280.86,280.74,280.74,729,320,280.82,SPY
623,3/26/2019 12:23,280.75,280.76,280.69,280.75,598,351,280.725,SPY
624,3/26/2019 12:24,280.75,280.77,280.7,280.75,487,356,280.738,SPY
625,3/26/2019 12:25,280.74,280.74,280.58,280.61,944,446,280.646,SPY
626,3/26/2019 12:26,280.6,280.6,280.56,280.59,507,275,280.587,SPY
627,3/26/2019 12:27,280.59,280.66,280.53,280.56,449,242,280.594,SPY
628,3/26/2019 12:28,280.57,280.65,280.5,280.55,862,368,280.59,SPY
629,3/26/2019 12:29,280.53,280.57,280.51,280.54,248,182,280.541,SPY
630,3/26/2019 12:30,280.55,280.57,280.45,280.48,359,256,280.511,SPY
631,3/26/2019 12:31,280.49,280.49,280.43,280.49,249,196,280.461,SPY
632,3/26/2019 12:32,280.49,280.53,280.39,280.43,737,413,280.444,SPY
633,3/26/2019 12:33,280.44,280.5,280.37,280.38,860,487,280.449,SPY
634,3/26/2019 12:34,280.39,280.41,280.34,280.37,358,221,280.366,SPY
635,3/26/2019 12:35,280.39,280.4,280.3,280.31,680,281,280.342,SPY
636,3/26/2019 12:36,280.3,280.3,280.1,280.13,1270,734,280.202,SPY
637,3/26/2019 12:37,280.13,280.2,280.06,280.16,903,531,280.124,SPY
638,3/26/2019 12:38,280.16,280.16,280.03,280.14,1769,795,280.1,SPY
639,3/26/2019 12:39,280.13,280.2,280.12,280.16,1525,645,280.156,SPY
640,3/26/2019 12:40,280.16,280.27,280.14,280.25,686,374,280.188,SPY
641,3/26/2019 12:41,280.26,280.31,280.24,280.31,651,390,280.272,SPY
642,3/26/2019 12:42,280.3,280.32,280.21,280.24,741,374,280.267,SPY
643,3/26/2019 12:43,280.24,280.27,280.23,280.25,256,165,280.251,SPY
644,3/26/2019 12:44,280.26,280.29,280.2,280.27,482,267,280.247,SPY
645,3/26/2019 12:45,280.27,280.35,280.27,280.34,472,276,280.326,SPY
646,3/26/2019 12:46,280.35,280.4,280.32,280.33,654,274,280.342,SPY
647,3/26/2019 12:47,280.34,280.34,280.26,280.34,404,299,280.308,SPY
648,3/26/2019 12:48,280.34,280.42,280.31,280.37,844,453,280.372,SPY
649,3/26/2019 12:49,280.36,280.38,280.34,280.35,195,133,280.358,SPY
650,3/26/2019 12:50,280.34,280.42,280.34,280.37,441,222,280.378,SPY
651,3/26/2019 12:51,280.37,280.39,280.23,280.27,739,367,280.303,SPY
652,3/26/2019 12:52,280.28,280.3,280.14,280.19,688,361,280.196,SPY
653,3/26/2019 12:53,280.18,280.24,280.13,280.13,252,159,280.194,SPY
654,3/26/2019 12:54,280.13,280.25,280.12,280.14,474,214,280.192,SPY
655,3/26/2019 12:55,280.13,280.18,280.07,280.09,817,428,280.114,SPY
656,3/26/2019 12:56,280.08,280.15,280.05,280.08,760,392,280.101,SPY
657,3/26/2019 12:57,280.07,280.07,279.98,280.03,1293,639,280.003,SPY
658,3/26/2019 12:58,280.03,280.03,279.92,279.92,1301,595,279.98,SPY
659,3/26/2019 12:59,279.93,280.05,279.92,279.98,846,478,280.005,SPY
660,3/26/2019 13:00,279.98,280.09,279.95,280.03,860,459,280.042,SPY
661,3/26/2019 13:01,280.02,280.05,279.97,280,564,360,279.995,SPY
662,3/26/2019 13:02,280.01,280.02,279.87,279.88,1360,751,279.927,SPY
663,3/26/2019 13:03,279.88,279.97,279.87,279.88,802,353,279.921,SPY
664,3/26/2019 13:04,279.88,279.95,279.85,279.91,1164,641,279.888,SPY
665,3/26/2019 13:05,279.91,280.01,279.9,279.98,1174,597,279.958,SPY
666,3/26/2019 13:06,279.98,280.07,279.9,280.04,1333,740,280.001,SPY
667,3/26/2019 13:07,280.04,280.11,280.02,280.09,2023,897,280.048,SPY
668,3/26/2019 13:08,280.09,280.14,280.05,280.05,757,423,280.109,SPY
669,3/26/2019 13:09,280.05,280.07,279.92,279.92,1316,691,279.987,SPY
670,3/26/2019 13:10,279.92,279.96,279.73,279.75,3193,1450,279.846,SPY
671,3/26/2019 13:11,279.76,279.84,279.74,279.83,1051,556,279.781,SPY
672,3/26/2019 13:12,279.82,279.84,279.76,279.83,618,285,279.814,SPY
673,3/26/2019 13:13,279.84,279.89,279.83,279.89,1068,455,279.86,SPY
674,3/26/2019 13:14,279.88,279.9,279.77,279.85,477,301,279.84,SPY
675,3/26/2019 13:15,279.85,279.97,279.84,279.94,1252,611,279.914,SPY
676,3/26/2019 13:16,279.95,279.99,279.94,279.98,525,299,279.965,SPY
677,3/26/2019 13:17,279.98,279.98,279.91,279.98,425,238,279.956,SPY
678,3/26/2019 13:18,279.98,280.04,279.97,280.03,662,276,280.01,SPY
679,3/26/2019 13:19,280.03,280.1,280.02,280.08,546,245,280.059,SPY
680,3/26/2019 13:20,280.08,280.09,280.02,280.06,1001,562,280.052,SPY
681,3/26/2019 13:21,280.06,280.08,279.88,279.88,1156,430,279.98,SPY
682,3/26/2019 13:22,279.88,279.9,279.83,279.88,1043,427,279.856,SPY
683,3/26/2019 13:23,279.88,280.04,279.88,280.03,931,509,279.945,SPY
684,3/26/2019 13:24,280.02,280.04,280,280.02,774,318,280.015,SPY
685,3/26/2019 13:25,280.02,280.05,279.99,280.01,431,277,280.031,SPY
686,3/26/2019 13:26,280.01,280.04,279.9,279.95,390,265,279.959,SPY
687,3/26/2019 13:27,279.95,280.08,279.88,279.92,694,377,279.973,SPY
688,3/26/2019 13:28,279.9,279.92,279.78,279.83,629,347,279.835,SPY
689,3/26/2019 13:29,279.83,279.9,279.77,279.78,949,482,279.832,SPY
690,3/26/2019 13:30,279.77,279.83,279.74,279.78,647,330,279.787,SPY
691,3/26/2019 13:31,279.78,279.78,279.62,279.66,1330,695,279.694,SPY
692,3/26/2019 13:32,279.66,279.67,279.56,279.59,1705,789,279.605,SPY
693,3/26/2019 13:33,279.58,279.7,279.58,279.66,1302,568,279.648,SPY
694,3/26/2019 13:34,279.66,279.76,279.62,279.75,1688,732,279.678,SPY
695,3/26/2019 13:35,279.75,279.86,279.71,279.84,1324,620,279.801,SPY
696,3/26/2019 13:36,279.84,279.94,279.82,279.93,770,310,279.876,SPY
697,3/26/2019 13:37,279.92,279.95,279.9,279.9,1031,393,279.929,SPY
698,3/26/2019 13:38,279.9,279.98,279.88,279.98,828,306,279.921,SPY
699,3/26/2019 13:39,279.98,280,279.95,279.96,703,407,279.981,SPY
700,3/26/2019 13:40,279.96,280.05,279.96,280.01,1682,692,280.007,SPY
701,3/26/2019 13:41,280.01,280.08,280.01,280.07,359,206,280.045,SPY
702,3/26/2019 13:42,280.07,280.14,279.98,279.99,1880,877,280.082,SPY
703,3/26/2019 13:43,279.99,280.05,279.93,280.01,942,382,279.991,SPY
704,3/26/2019 13:44,280.01,280.18,280,280.17,1052,469,280.1,SPY
705,3/26/2019 13:45,280.16,280.2,280.11,280.16,839,384,280.165,SPY
706,3/26/2019 13:46,280.17,280.23,280.15,280.22,1405,471,280.199,SPY
707,3/26/2019 13:47,280.23,280.25,280.15,280.16,908,357,280.199,SPY
708,3/26/2019 13:48,280.16,280.25,280.15,280.22,1247,342,280.193,SPY
709,3/26/2019 13:49,280.23,280.27,280.17,280.2,517,276,280.22,SPY
710,3/26/2019 13:50,280.23,280.23,280.1,280.12,647,305,280.134,SPY
711,3/26/2019 13:51,280.11,280.15,280.03,280.04,663,340,280.079,SPY
712,3/26/2019 13:52,280.03,280.05,279.97,280,552,346,280.01,SPY
713,3/26/2019 13:53,279.99,280.02,279.91,279.99,422,258,279.955,SPY
714,3/26/2019 13:54,279.98,280.03,279.83,279.84,1058,515,279.962,SPY
715,3/26/2019 13:55,279.84,279.93,279.8,279.92,1140,573,279.856,SPY
716,3/26/2019 13:56,279.92,280.04,279.92,280.02,1286,584,279.964,SPY
717,3/26/2019 13:57,280.03,280.23,280,280.22,1054,470,280.139,SPY
718,3/26/2019 13:58,280.22,280.28,280.14,280.18,1408,649,280.203,SPY
719,3/26/2019 13:59,280.19,280.33,280.17,280.3,1116,553,280.279,SPY
720,3/26/2019 14:00,280.3,280.45,280.25,280.45,3349,1563,280.354,SPY
721,3/26/2019 14:01,280.44,280.56,280.41,280.55,2697,1076,280.476,SPY
722,3/26/2019 14:02,280.55,280.57,280.44,280.44,1989,825,280.503,SPY
723,3/26/2019 14:03,280.44,280.55,280.42,280.52,1241,598,280.483,SPY
724,3/26/2019 14:04,280.51,280.53,280.42,280.45,1149,509,280.452,SPY
725,3/26/2019 14:05,280.46,280.49,280.35,280.38,1763,736,280.403,SPY
726,3/26/2019 14:06,280.38,280.42,280.35,280.37,2061,907,280.391,SPY
727,3/26/2019 14:07,280.38,280.46,280.37,280.42,447,279,280.423,SPY
728,3/26/2019 14:08,280.42,280.59,280.41,280.58,920,427,280.533,SPY
729,3/26/2019 14:09,280.59,280.6,280.46,280.47,1169,586,280.558,SPY
730,3/26/2019 14:10,280.48,280.49,280.35,280.39,1540,629,280.416,SPY
731,3/26/2019 14:11,280.4,280.47,280.39,280.47,532,333,280.418,SPY
732,3/26/2019 14:12,280.47,280.58,280.44,280.57,945,424,280.535,SPY
733,3/26/2019 14:13,280.58,280.6,280.47,280.48,1529,775,280.534,SPY
734,3/26/2019 14:14,280.47,280.51,280.34,280.39,1496,716,280.435,SPY
735,3/26/2019 14:15,280.4,280.43,280.31,280.33,1509,678,280.373,SPY
736,3/26/2019 14:16,280.33,280.38,280.26,280.35,1393,487,280.32,SPY
737,3/26/2019 14:17,280.34,280.41,280.25,280.33,942,401,280.305,SPY
738,3/26/2019 14:18,280.32,280.45,280.32,280.39,1149,565,280.395,SPY
739,3/26/2019 14:19,280.4,280.44,280.15,280.21,1521,781,280.262,SPY
740,3/26/2019 14:20,280.21,280.26,280.11,280.25,1212,699,280.195,SPY
741,3/26/2019 14:21,280.26,280.32,280.13,280.17,749,463,280.231,SPY
742,3/26/2019 14:22,280.17,280.26,280.12,280.17,1218,591,280.18,SPY
743,3/26/2019 14:23,280.17,280.25,280.06,280.12,1242,709,280.154,SPY
744,3/26/2019 14:24,280.13,280.24,280.1,280.15,797,401,280.161,SPY
745,3/26/2019 14:25,280.14,280.14,279.96,280.07,1553,693,280.037,SPY
746,3/26/2019 14:26,280.06,280.1,280.03,280.08,1056,531,280.059,SPY
747,3/26/2019 14:27,280.08,280.25,280.07,280.12,897,505,280.175,SPY
748,3/26/2019 14:28,280.12,280.15,280.04,280.07,736,386,280.09,SPY
749,3/26/2019 14:29,280.06,280.14,279.97,280.03,1258,630,280.051,SPY
750,3/26/2019 14:30,280.02,280.04,279.86,279.99,1485,722,279.931,SPY
751,3/26/2019 14:31,279.99,280.15,279.99,280.13,1027,538,280.08,SPY
752,3/26/2019 14:32,280.14,280.25,280.03,280.25,1307,706,280.163,SPY
753,3/26/2019 14:33,280.25,280.27,280.09,280.09,2250,890,280.192,SPY
754,3/26/2019 14:34,280.1,280.21,280.09,280.19,878,477,280.142,SPY
755,3/26/2019 14:35,280.19,280.39,280.19,280.31,2481,1093,280.307,SPY
756,3/26/2019 14:36,280.31,280.37,280.27,280.37,787,489,280.313,SPY
757,3/26/2019 14:37,280.38,280.39,280.25,280.28,1025,506,280.315,SPY
758,3/26/2019 14:38,280.28,280.29,280.12,280.17,1438,633,280.205,SPY
759,3/26/2019 14:39,280.17,280.29,280.17,280.17,1478,657,280.241,SPY
760,3/26/2019 14:40,280.19,280.27,280.12,280.2,1556,865,280.196,SPY
761,3/26/2019 14:41,280.21,280.34,280.2,280.34,1123,577,280.303,SPY
762,3/26/2019 14:42,280.35,280.35,280.21,280.24,1167,636,280.289,SPY
763,3/26/2019 14:43,280.25,280.29,280.18,280.23,1306,647,280.237,SPY
764,3/26/2019 14:44,280.24,280.29,280.13,280.15,1917,763,280.18,SPY
765,3/26/2019 14:45,280.15,280.16,280.05,280.08,1427,822,280.094,SPY
766,3/26/2019 14:46,280.09,280.3,280.09,280.28,2473,1038,280.192,SPY
767,3/26/2019 14:47,280.29,280.43,280.23,280.41,3408,1074,280.342,SPY
768,3/26/2019 14:48,280.41,280.48,280.32,280.33,3743,1229,280.402,SPY
769,3/26/2019 14:49,280.33,280.38,280.27,280.33,1457,702,280.319,SPY
770,3/26/2019 14:50,280.32,280.38,280.29,280.34,1219,633,280.332,SPY
771,3/26/2019 14:51,280.35,280.45,280.28,280.41,2233,1035,280.385,SPY
772,3/26/2019 14:52,280.41,280.54,280.4,280.53,3419,1069,280.481,SPY
773,3/26/2019 14:53,280.54,280.6,280.52,280.59,4159,1380,280.553,SPY
774,3/26/2019 14:54,280.59,280.61,280.44,280.53,3880,1579,280.523,SPY
775,3/26/2019 14:55,280.55,280.81,280.55,280.71,7323,3018,280.701,SPY
776,3/26/2019 14:56,280.7,280.75,280.68,280.75,2373,1166,280.708,SPY
777,3/26/2019 14:57,280.74,280.82,280.74,280.82,3670,1487,280.782,SPY
778,3/26/2019 14:58,280.83,280.96,280.78,280.9,6625,2596,280.859,SPY
779,3/26/2019 14:59,280.89,281.09,280.88,281.03,18169,5366,281.025,SPY
